-- MySQL dump 10.13  Distrib 8.0.33, for Win64 (x86_64)
--
-- Host: localhost    Database: luckypets
-- ------------------------------------------------------
-- Server version	8.0.33

/*!40101 SET @OLD_CHARACTER_SET_CLIENT=@@CHARACTER_SET_CLIENT */;
/*!40101 SET @OLD_CHARACTER_SET_RESULTS=@@CHARACTER_SET_RESULTS */;
/*!40101 SET @OLD_COLLATION_CONNECTION=@@COLLATION_CONNECTION */;
/*!50503 SET NAMES utf8 */;
/*!40103 SET @OLD_TIME_ZONE=@@TIME_ZONE */;
/*!40103 SET TIME_ZONE='+00:00' */;
/*!40014 SET @OLD_UNIQUE_CHECKS=@@UNIQUE_CHECKS, UNIQUE_CHECKS=0 */;
/*!40014 SET @OLD_FOREIGN_KEY_CHECKS=@@FOREIGN_KEY_CHECKS, FOREIGN_KEY_CHECKS=0 */;
/*!40101 SET @OLD_SQL_MODE=@@SQL_MODE, SQL_MODE='NO_AUTO_VALUE_ON_ZERO' */;
/*!40111 SET @OLD_SQL_NOTES=@@SQL_NOTES, SQL_NOTES=0 */;

--
-- Table structure for table `anuncios`
--

DROP TABLE IF EXISTS `anuncios`;
/*!40101 SET @saved_cs_client     = @@character_set_client */;
/*!50503 SET character_set_client = utf8mb4 */;
CREATE TABLE `anuncios` (
  `AnuncioID` int NOT NULL AUTO_INCREMENT,
  `UserID` int NOT NULL,
  `fecha_inicio` datetime NOT NULL,
  `fecha_fin` datetime NOT NULL,
  `Descripcion` varchar(555) DEFAULT NULL,
  `Estado` varchar(255) DEFAULT NULL,
  `costo_cr` decimal(10,2) NOT NULL,
  `foto_anuncio` mediumblob,
  `email_cliente` varchar(255) DEFAULT NULL,
  PRIMARY KEY (`AnuncioID`),
  KEY `anuncios_ibfk_2` (`UserID`),
  CONSTRAINT `anuncios_ibfk_2` FOREIGN KEY (`UserID`) REFERENCES `usuarios` (`UserID`)
) ENGINE=InnoDB AUTO_INCREMENT=13 DEFAULT CHARSET=utf8mb4 COLLATE=utf8mb4_0900_ai_ci;
/*!40101 SET character_set_client = @saved_cs_client */;

--
-- Dumping data for table `anuncios`
--

LOCK TABLES `anuncios` WRITE;
/*!40000 ALTER TABLE `anuncios` DISABLE KEYS */;
INSERT INTO `anuncios` VALUES (2,3,'2024-03-21 10:00:00','2024-03-21 11:00:00','Dar de comer a mi loro 1 vez al día.','completado',5.00,NULL,NULL),(5,16,'2024-07-10 10:14:00','2024-07-10 12:14:00','Salir a pasear con mi perro.','pendiente',15.00,_binary '\\\0JFIF\0\0\0\0\0\0\0\0\\0C\0		\n\r\Z\Z $.\' \",#(7),01444\'9=82<.342\\0C			\r\r2!!22222222222222222222222222222222222222222222222222\0\"\0\\0\0\0\0\0\0\0\0\0\0\0\0\0\\0<\0\0\0!1A\"Qa2qB#R\\$3br4C\\0\0\0\0\0\0\0\0\0\0\0\0\0\0\\0\"\0\0\0\0!1AQ\"2a\\0\0\0?\0	\\\%+\i\\\\\c0?kWfz+[\\[[ǂA#H\pZ9\-\z\.&.\\mo\3X\\\0;\\\gZEZoF\W\_G\REd{n\p\\-$E9\\cŻ\sMIb4\\@|_ѶlQp\\\0A\h!\V$Zÿx쐛1V9\n2#\0\HQ\J\yU\\\r\Z)\\s\3YǸ[z\/̱$M3\=볋\ݴҰq\\\\qnt}%X\\\ڌ\hͽ=>\rmZr2p\o=\a/Y`$\k\\蟗`\+SO\"\beH\\\\Ŧ!q.N\A\"_!\$\#mU\Ef\o\&8>\^xY3}\\zMA\> -\CaU\H[_b\ZErt:śZq\ݫ\\et\\_Rb\H+OU8\sK[v\Wv=	Y\%\HCpiu~m\rVdV\S\Z(iMXu\S\u^S\\\5Zt$,\ߏVy-zY\\h\\\WkOZ\kŖUqU\]V\jh\0ʯ\\fùW|{֥44hZjjc(>֫\o\hLXC1<*an\\nOך\8\uCcf2	\\$XV\/l\5\9+\\\=]À\roc)\BVp\$9M@Z\Z%\Vt˨\l\\s\	q\<lv;\\\0_;c\\\\0Sq\\ֺ|\\n+\5\0<#7Z$4\\\M\bk+,uO\t\8X\ﶌb\g{ј\c\0c\\\%wZ\2\h!\n7\\\s\Ov^PHН0+܂MTJohAֵ\8	Ho\\Z\Eͽ\'\yw7~.	<\O\0Uˍ\\Z2~otgb\5\Ah\\4Vu{\n4zݔ\rLŅ\5E\1\\zmI#4\n:\<3\<ɈBY\*1Nzk\\0\)޳Y!{V	0\\Ԍ9ha\Yڇnx^a\gJ\:e \gj\`2ѝ,\\rKEklŽR\\07\Ӟ=^ŧ\K}K\1<9\g\'$>,\\K\E\;.ys\\0=A\\\aif3ͫ\)(%\S\o°i\U\f*Hťt*6;4V+ԥz\Nu\Z\h\\"\M8Y\ǐǺuR~by\JFW\\T8YZ\\&0\TVxp\\k1l\.\#1ȑIT\=Z\^\O	ҘAԁ\kZe\\\\e\\?Uu-aiI6W\\_C\m)k|\C):~WiԽuzt-GavY\W弄\rVvj/.k&\˗Bə#AiWh<\q\0\|˚\Զ6m_\a\Ws\H\1$V_`\Z\'\~>E\p \\4d\ZIŤ\kǂ룟NI7b)\PI( Ej5F;eR\]m뛷\\UǄ\nM-\'g^%hs\A~\\Q\\KO*\\0UωѷYNTQ\\>\SH^t\\\\\j\\IY{7j\_yYJZ\\\Z4\9Ĵ7\ÏYnBQm&Wg\\rtēF\\\ҋ\\d\rQ٫\cJ7AE\oݩ̈́M\ \AkNP	S\H\_պ:n|ƚ\V>/W\"z\O\ƀ\0$\jRΤ(\7Ko_\;N\ż\\uX\L\u3,n\_oe_uϺ|\\vMs_U\\|\\gé\X\ią\2R8\!3+\%69\t2&wP\"`mQ)7R\\\\\\|\O\Yz\63\I\C2\nn7^E-٢\\\[\-(\M\Ӟ}JP\D\\l%\\'&Wٽ4m\0Y\"m\\r H@eV列\3\`\nf\(`8wK\@<%\|үͱ?kvMV|\{Bl\㲶xU\ޗqPo(\\^ٻ&XGNT\r\=\0(p\¸pࡹމ\UM\3i79Y\q\\\ ruo\"\u:\-5\\\뭓\\u\\~\]~mW	P]NRb\\/ѨkEv\M#o8Y\J-Lq\\-\\\/X]%ÉRߌ\@\0uRNJmvYN`\\0&\v\\rP%c@/*\q\wkNjn\j|748\\4Zָ\0H\?\xԙ\\}	w\3\rzm[\Gu9\gd\V~\yV~uݸWu=Rz\ㄘ\_gBN]U\r\Z\;\rK(g\\.\\\8\SP*U\M%\\\\\`WtRU	c4Qox@<,(zԭj\A\\Q<\0\/a5Y\Y,-|d\\\OD\s^?>\\n\PNl\6PݩuK5d\o\Y&LǨn\}ϯGu\YD$GBcj5\\8\ò\?tNkg\B\p\\Zܮ\Ud0\\00\n]s\wZ\gL-4bˬ,\β\5-{\"ԛ`w\\3O\\0Â\?\kn3Ly캹\0뜬ִ\\k\#-\5\i\"H\\\O#\V\R2\Ϣ\%o\\\ZJ\;ȥb4hb2\<4\b\6&\ ,\\M9\\\0\:\4uC\ZV\I<Ky \Z\8Z\'\2Q\ʫI\r\\>w\^bALE,\YW\hE{Ϫ\F\\\;rKqQ\\W+\\*\\!K{@s+X޵p\\9,\QX\y*2\5\-)b\\ZrvH\^w\/\'*i\0uMR\]eRuw\UR\r >`\\KH\"x\\0.j\%\5\B?0^_\w\\.\)\w\0{.`Int\`{.5\v\\R\%*%@%]p\nkZ	\\\'(a\9°~\+\^:ƈ\\ޫQ\͸C\9#RoѺ\)\\DՁHpPCM4;7uU-\s&\}N\u6V\Nik\\\\I\.G\F\0xr\sr\4\n#)%?ɨ\+Da*m#;A\\{goX:\+P2\EfN\e)+5ϲso鬹\\"B\c[𞇫@#\ Y-\rF\\@ǲo@\p\^$sv\/A\\\\\9žaek:@F\\+\OMW\W\U\^<X|or\\li\\=5W\\Y6O\	\\T#˚ON9pN=J;f<g:\?\^cI6Chb\r[\\\E\|\\ɝw(Sa\on˯\\&\03t\\J\e5@\(ZAnAj\\h\|\\\DԿ\$隐־7`/ {$\0\:Nӓ+\\_&\\n5&\\\\w\g:\Mw\mەCv\^\+5ZF\d\\r6A+W1豦չƯQ|qS+e0Dsqg)L\\g\8\w\Z14s\+1C\&\\\$\FS\U]YD\\Nx\Ee\)n2n\)L0B#hi)o5\K;=-Y4 aus#\4;!;.\\[BX\l\L\\r6\S\0\nHo	~x\Y6U7\\\\r\\\n\X5KʂTYP\nTU27Y_*\\M;\f_@\ZL[\]z}r\ۯCM<\\kZ:Ii\Yhʒ,\'U6\jkcD\Y\;tZ\4\rXM9hC\\\Yи;\0\t\lTMX43-mf.Vsɵ}<\\=\		ner\\,.\r\r.Nk\	mf\x~\G\sP\\ӿsB\ZpͮM.hXuqX\cD2ts\ΐ:E\<<,7!\[YR.\ڬ-\\" ,فA3\Q:w\)=:X%w5\F\%b\Z_?D\O\0i,ߢ͗T!{\\dez֘u҂\)_\4x\\8v%~k\ q\_#\;V\vH\贗}3\\`=D-h=)\uΈ\\\]kX\GW?\ets\<f4\n\{7m%\z[6p@.ݑ\O>}$?Ç\\\݊\C][k\.\3G#5!ߜծF\\k&t\8k>e\W\ˣ\}\\\\1kZ\<\ec,}\OOs\\0e=wC\N\iu/__\\\\֊+\\\\xR@\Zȳ]>?\'\$\0H#\+S1=ZH!\-m\"K\\i\R]̫\\#n\9\"\X\\ѐ;M,\\rإ\'@\\e\pNHX\"c\b8#\\h3(\DA+\\)\0Oy\a\s\+tN-KAy\0\\d.U\Jh\\\hF\\20\\A\0}_s\\A;\$k)\\ס̻AJ>{9BRH_dR\r֋\\u\Z15R!r\\AWb\\\Q\P\ZTb\^\r\PJW\\\0B\u{Ϋ\|@\\Z\u\$\\q\\Zu\/\D=QRy-\"\̛MB@m]|\<E\r,\\\\z~n\\fmu\\GǸӚ\bs]\r\\\\YmCj.\>랴:\ʰuO\jwn6l,ɝ\9=\nY6A.\/=(Tӽ*%\\=F7ݭm6?]\B_\K#h1pi%sp\K$+s6\\:6\c\\-=\$-F\0=#b\0M9y\vەS\"%aͦ\\\iƁ]l\\0*&+\\I}N\b\\հ2[\\E\x\0\}\Xi\\I\y#pGkt\\L\k*\ǿ\٦\bh\{atOV\oN@\\\[ E\Z\Z\rE\\z\'\J8ֿGQ-[\}K?\rOCZ֡\'Uex\08j\0`\0K3s \6n$s~WgHI&\\\r\\䍉\t\\>\x\01\uD\f0+!\\}\lo-s\<{\n\0e\\\\,7\\0\ϩ\Zkִ9 ~R;.9Dd4lo\7u4x\mpFB\:C\\s\EP,z}/K(d-\"\H\\ZMS\bG>g1ZYu\Zm4189c\\\{\Kf3ϕ\O\\\\ZY:/H[\<,\rD[M6=\w\	o\ׇ\\\#%k.h$z612f\ȤkGJ\\F}w\!ÅO*\\\\*D\-\r .8XpNA\\}=\.PU\W\r,pwu\zh\\t\oW\H-\N	S\8W*?K\8mF\~\0T0j{\\\\'-H>qu\y\"kM*\\zIî\(\~(;^eO\Qs0mi6R_9]^/QJx \9ZB+v-%;\Fh+vR벡$exFkE*8&-40M\nC4P\0	g\ZB%;f?Z3!ymnR-\Jba?CMr\V\\\HJ$ގBh\u>[|\\tw\\\Xϵ[\ADw	EC\ZJƕ>>fE\mL\I\0pSn.{Q\\rL\0\kG\0\0\ц~\\"(-mZ\ҏ\A\Ǵ^\\\\F.KD\m+-kMk$#\_\\F(VH;\ie\'\09b:\\%R\d\[\\߄^\?#\%\YZ\\0\t	)\pgyC^\Lޮ.\!1\ά.\'\.!Ǽ9B\zΩ36\\{@$\~\|G\I\$Բ@\#=\\<\y\\'gH7q\-\c2kjY\Y\{\oE_K\\K\궾ы:yus9;{\\\\\`W\\8Sk\:2Bب\uJA+\N\ђ.U5\6\y\u	!ld\\0ך>\X\v\n\Jl?7v;v\u\`-c\sK@n\|.<\r\eqb\{H\\\\` }\rTR=\0\A\\"\1\8\Fg;KǞ&=\OYR\zn\fF\\>ֺDVl4kŀ\\\\^\S7?|[\Dc.k}{\\\\tF\\Wk\n{ŕ\t\㨟t\濹,\u%|SOd\r/sV>D4q\v\\r\IZ\s\\:Ĭ\iHk7k\v\\E\7ɽ}V\y6\إPf>_3\\rX-\'l7\\\d\\p4\ʙ\u\\}/\\\i\\u	}T\E\\[\\ri\\dhu	\\\إʷUrrBccf9Ow\\%gkA<r\d<)..{\;֒qw!ݻ)YF\0\JIv88D_\0l!٪Bk\M\z\B6\38Rzy@f9\ﰴ\=\ʀ2Bʫ\©K\QD]\4ie1*BhpZ+N\%4r\'$\4	rN\R<\'	ZLC\Xq/;\y^$\,K\\u]6A\F\0[\	Gb;]#\ćE֐ےzW*U\AͪTi\M\\\t\\Yv\n}%`\rPM\hB\0O	\\\/\rCCu,\q\\\]xNR\$n61\k\\'`\gw9X2\'>\Dr5y\-wjLV6Y\\\'8ʋ\7Mɪ!\,M\j\6\Ұ\]?\0]\/7YOF\\u\OYk@\Ȳ⾇GfW61\\\\?L\(\ʹ3_8k\t\Z=$4\z/s>]ţMv[]\\0\\iߠ~Xqe|\\vA\#N\~AOj\0ֆnmv	E\\v\ijcd\\< k5K\"\)q\#ML*?P\05ώzn\\!a.ݺ6g>A\\\\.\\{cY\K\r\poYt\M\`\@q `lc*C\0y \&\Ih\r\n<\0~\Z&M6\\"\\r\&e]trV\\˲}¬-oh$\\`\u[U\=\G\!f!4XM\y7\\}ϴڟ\nÀpTQ#Cvƌ\\\\Gu\'Rsa\k1\\\\;\6a 8y ޫ#dk#->גY[:ɬbW|_\ψ\nS(im\0\t_j46<\\\|Ytr\q \\}\}M{d\\\|-.\\\mrJZҿM+\\r\\\\r\0\a\\x8=_\ZvW\qˍQ\2\g.W\u\\IŦ\\\_\	⾫#]`s3e8\\\0RE28\n\zM\\k\+A!G-:yk\Z6It&+\!\\\\lZ\kk\ʙCY\n\-o\Mg\\\\G\[n$c=\n+n-gyf73􄁓\V05\\rە3iKs\\C\'sm\\FV\n9]֥ش;\+ેa\rIa$h\"\-wU/4ڛ>\\>\d\"8P\,\,$J)\i.JTUp-K\VN)br4o-%OSО\^2\j\\\v\:3\\nfyL\\	(\		\ۺ\Ƽk-\ԎAY	J6vY.d4ļV\M\U$5\\\\0Mk\+If\\\\\g\\FL\\5Iu\rK\0&\\:-s]fyZ>NԶ0\<-8.\\xWtX]T\\׊n:\- \Z\]\4	s{\\t/dk\\\qyT~tWͥd~$q\Z/\s]q$_;#\ճ\\-\z{_]GQ\~)tZ?\]Y4	>\[7G\\grCQ3h\u>\:\B]+K7\\]Y:\3n3\d13i5==l/\0)_\4\ jan\{\ut\yg:\p\b\75_Z\\|,\\%d0\/ppj\T\>1\/L\B\4{{a|o|a\5\\gˠmOS\\ђH-\\\Q\J#*ӛ\ҭihz\^N\x\\rŎg[\ZOn-D\LۘH\'9\\dz?\;\\nn=\\M\ɓ\\\guQ&Wc\3G\:tf	+ O\s?~\+ۃ_H\(`i,o<+u\\0V\lh wk\\\Z=\\'\'\\\4\#\i>R\[{A\F\I衞I\r/k}֜\miZ\\ݷ\'\],l/&@\0E]X\\Z\\0TNo?N\\S|簍$S[\{\೦c9ɠ\\\\ɿآPR\4D:mi.#꽢\0Scdot\\<M\\hВ:]1=\I\\}2(*[M\'Itad~\}F=&NL\4!|\G)\\\0;\\^]b\#ִ\SwC\}:+\p\x\h\ȷj\\-M[\\&${\\7dK\Ϧۡ\\\\\\\o\zFp;.\F\p?W_2`\d~ʎ\7^ҲƨL	xw{>>ȽR:q\r\\nL`]\\\\\n9\\I6\U$&}@\0e\ǎ1V֌\ZX[m3ɻDܷ\޵vi\UD>ʬ-K\C\P7+`\ P_aͫ6\K ҁ7\Z@Wt@\a{aO\"\ڡ\ƚfP\\n\\G\r҇Y\;q\\\7_t\|m6J\\MM\\5M\m2m\0,/\"\E\n\cMR=1\0raub\\\[TV5~i\\Z=ׅ\K\r;Ϟ\";\'.\\Ktp\ԁB\D<Bn\29\\+qH\YIijOM\߲\\\r\`\nuUZ\\z\Gڐ`gq\8]\;t5΍\D\\0h\Z\kax\.g\\\0ʸ_Rs~\'I0<7\'|\|\_\\\S\	\n\EnBz[?\0\tT\X$\~빑\8\h f\\](\+5zƵm\\.\\D_?\"Yxov\\.z}\6\i\\\+\\~1D\@m1X:\4|G\nu\<\\\?\\lC#\h\;j\&1udn\0]ΛCvE\Z3-oT|k\_Ο0,\Be\]nM\":\0\h>Ts\\6k(\.ekw\Z\z`\ayk@ɪT{I䪲F\\f\\A!D郰\'Hsh{%\\D\\0\Z\0/;\7gܔ`ss\`\a{h`#\\7ĺZ\|\p\'k#\)ĭ̏-u\\\g\zv\՗d7ּK\\^\ZZ\0\\鯗\\\E\20G\W9\\\OϿۡi\\\\t\}6/EEY}w\\k`\4~ƵU\F6\\h\i\0O\U!lp$\\v=clJ]@2Cn9>y\sK&\!\uՑJ\w\m/rm8\\R\\Nl\m\%\U$O<\MH\"%z\'\6$mWGsٓ\\+ܧfn\nH\\k/I{w{C%PYH)u\P6q \"n@N\\'OH\%0l\2B\UJ\;5H6̌%U\\g\ʬv֩wl\\0SZ{\,\6W\\\\0[P\hc\\\.C\r].^\nccAmm\ib-`,Ν\\n\\"e6\\'kϨٛͨ*+0helm\[Q\S\j\@6,\\\f\\5Zr$ z\\nnϢ\9${;\J\rx\r>3\\\\0r{贺^\\$\-u\'\\un$zh<GEֳto\^n\7s9\'\z]\r<Ӓ\rn|Z\'7\.?_EL:];t\X#k@\0/7\M~\Ι\-\\ΩŮpwO\|r_,\5+\0	vF>\!;\\4OM\ \2;PA\Bq\Ebʐo\/\&Ԝ潣\\a95V0|\*,\ghN}ZUCZA;\Z)i%,\B\YU!\N]%\ghlzưf\|#1\\/\aQ+ʂ@A\\1̢ﺫ\\O\]J`\Z= \0-|\\v:q\\٢u׈\\\}\\\\{\Z;bp+\\ȼL^k\2Dݏ\Zr8\p.\\&2x\E\ppq\\\g\:3ĕſ\\0;Gˑs6Fd\Y\\͈L-8\^U|\\Zw\63yĸ\\rD\LZH\m^Ӿ)v~_&k\sihZkxw}1G\{E%҂iрGp)W\>6[C}7\\}\\^Zף-\UXE \\x\\\d\Bt\dxW8Lߍ͕WK\%g\fՌUd\\\\\\rxF/e\W\*]\Up\\\0Z$f(\ p5\\PK$-z[@\C-PaH\]䖒-\ٻ\n!\\0\Z#EfT<܌),T\bMvR	a\\9J\.\\0m\d\۲\4ږծ5\u2`\\\zѵu\\\ZG+m1\M\%#V\n(9K\oΌ,Lm\\\CmXZ\%:\7k B\\Cm>:4\SCp\u\05yv\2K1|z\k)\\\\\\Bm]`\|Wo\ds=_\t\F]!^\\?\ڗ7\ژ&|-\\t\gO\	7V\@d\ ƀ\@e\q\\#\\oѴ\85$\`5\\J]N\M\"<P\\u\x_ oN\Ũ\\6\U\\0k\M\hu6,\\\U@+I\\=}2\\):\YYq\c\0\\	2/˵>X7l\\cMd\zҵĤ!{\0\0ɏ\\2+ϻڸ+sw\Z\d}@\@o\nw7;)a\Dŷ\כ/5\q$T\Z\%EVn\rnHRnL\\-hȔE\\VmPqs\0jS\EM\r~G\\r*ssuw\\)\-\0\{R\|\`\b{X\\[B\'g\\\\0\ZǑM?\=,@\r\\\k_#`\FH\t:ytN\=\+Կ3\궇Y\\\^\\\4A\\/{߭4s\?\5\ߖ\\\"Hux9l\=i\\xkֶ\ 4ŭc;1\iƆ$\\\3=ͬ~\tDpBN\y\\X\B?v\m\Ys\\CK\Zn\\֜C\ql\q?9\>j|i)B6\ w[]` |O\\\tb\G\\!9ݗ4\Aw8Bp\"!8t$wCq\I\\Ct Z\W\6U,L&E\\$A(\<\E!C[8PvSAxLHwd\@ʳ9\ntXJ\\\\1\ӻn{(Ґ\\\'YDd\\2\oeH\Rzv\rױH\nƮ\@(p vO0\3\îei\\\\^3.G\Ⴙ4D\\\yH\Ӟ\jK\6by\\sShn\\\Mo\):́k.->\3Jר,R\\PZ/l\\ոmq%>ß\\s\\R\\Iv\\[:\k9\\ƥ\0β<\\o\i\\w\N\\k\\O\3q0ݧ\0M+\\\\F\r\_r\EmnWp\\P\'pFh,\_z\\8\\\6`Kq[$^\.>W3I\p-o-}G\nG\q\-~\\0s7|\{.\\K%s\\v7`$_\iO\]2hur懜\r3Zqu;\Z\\r\ִ7/6\4q\\k\q]t\ZL\07\?(Rw\kNb\v\n~9\\\3\\\\,\' \\\(u[_\\'*li@=ץpqp.\r-e\˙\?\Z\z>\q$X\\+\c\^\fw\3\0\)k\{+A̩\\\\Z\r{2<`\\\\Z\\ß\u~&j\\ۿu\t_C+|인\د􎃣\:fE\09\\Ϭ\Z\1ЍGl8\YiI֒\\kp.\\ZxV	2i\hoOH9ǢxH^\$F\[\0\"0FVu.٣;\0\nei~\1\\\S\'Jc8>\Jna\r?\Dz\@\\Z]V/~% \\;\!ig\K\"O-q47]q\]C\'8>\x\o\e\0p\1n\+?x\nԵnp-{\\J\K!{Xv?=\}0\ݧw\3>SYZ$sm\\\ \Z?\yφk|?;\Iog4A4s\o\0P;䝻扬|\\~ʊ6;C\A	]amu\0\h\l\n\\\\\\m\\o>wqJLc\\)iXF|JJ윧/\U\I\leOi\"B\eUX\LN\\Cqč Z%\CVCqWUvUK[\hPZU\Vڄ\m\n(&8-(^pVmeG2\Z4`5j靎S\\48\agO\\)$\\\+RFyNRn)\T@(\rwc\nJz>[B(Vc0O+I \\H$xXuO\+A\r;v	Es\눾]^T\\By\\&1\;MǬ\';Y\0^7\\{\~\@RkNN\$&ԙ,v쯙KSP\<L>k^p\^BBqd5{,&9q[ݮ\\|Ѿ=\Z:\\fӗ~{s\N\0u\u\L\\\n\룎럮_>\\Z^\\yTRnӹ#F\p\\y ~\\}C\uM;_#\0H\\\\vs\\\\p\IX\\Fl;L\\,\oUǀ\5\\\4Og#]F\NqH\	{sa6k@\1v\\rksIe \0\9ߦ\\}~V0iE&\\lt\N@e`$V\c\\0=W\\e\z;,\0\tпͲφt\\\̭aeo\&KӒ\\\e. \; r-.\0\vګ\0^\\ߵ\`A#R=G\>v\rvW%\'\Z2v:}RpI\j\\>Jp\\NC }\\ݴ\\C[Q#\Lj6\v(El5\e;$\A`.4Pb\8Q\aay\0=2j\pm<X\s]3KI6\,4ە\@ȉ\-\0OWֵZN\![NX{\\i\"m|\\<:1\\0㳱y\\L,vy\r\\]Mj:MtO\\\3\\$\c6\P\4cs\0kFa4>5;PV\\\i\0\^\\U\\m@⾔\q8B\G>wN{\\0HΝ_\!\B**b,\6\6\4Q\RH\hQRheԗe>Ґp\HZr\\\u\cH3hN6=Ԗ\)=\'pO(\nP\i\\E0\%@VrUR.{ \Fd/=\E\"T<\Z1I@V4\+&]\©+۰H\\8\U&49\6\ڠBf8\\Q\E*DӇ5\wJ\\\\Qf)s%Üܓ\\aIJRah\J$n\O*\uVUpvV%\\0ich\"Թ4Z\	&qBQ4\Z\{K	.z.ns\vJ\\\;)hp\ZM;o\ZxeF\E{+^L	#`\#hh\)g\	=3\)\c/U\\6 \Zy=\#\$_	\'Dl\{./]sc\R1\ : yq\f\:B\\mk64=\\ZH\\xZ\;\F-\\\.	OG\{qv\x\4\0\\s9\.k#]͎{\R\\MҵV\n\k^^[.\X_1\Rm+!\CH5T	/5p4\\\Jϯ:\\駠I\0^\\\'\f\\f\\5{\sCqHC\\)3\mN9d\vJ\\7c\\\6:F7x=Kh]4k$.A\\5Q6P\\\6Z\ƈp\\\0r\\\*bG\g\ִ\rE\)o\?\\4AϿ(NgF\H\D\c\ZҝF\`&@\\Fhuy5]Lsiq;{rW\:\E\RGc͜\qڈ\e\GM\\g\\[<uq5\˯v\&\\E	j@\}\W\\#\\@ \\D>7x\"!/xçKNSdaOrV=\I\jw88<\*\r\\\\0\O6W+\\T\26\Zk#\=2\͇XJH\yC\\4Y^R\2\\75\cS}VsW\F\r\0W>\\\\\\˖\PxDxW\n0%i\\;\\I&\"W`\ʖ(\]!R\rZmVk(+U\抇2\=\n\7^\"֥@\n\V6\nU/F\\q0`\\ࠗޤᦺ\+x,\yWa\n͡ʡxےd\k\~0\Y\}\z#m\ϥ4nLG殲\Er\îW?U\n\+\fD\Ў\6Zˍk$pY\0!KM<b\\0t=\\Z抳\+5s\W\\JI@og\%ˬFmK8Ϣ_j\0I-GgɳA\Z*\e_\"hN\&\"1kD\\\V;\'\E\\\\8[\\\\z\|\9-+f)F\FC\`\\dmZ|=zq>#s4\<úA@`?e\\nK\/+{\evG:}CO\%\\'Oᲀ\Ә\\c\A?\>\8\0N\\\rBv\g\\!sR+\\\\e5\\ةr\0½\	#h\+\s˅\n8q?\7IT.k\Mk8\(3Ju\ZW\O` iè^PG)]lK\ͮ\p\0)\q\_Jdq1\\1\{z\\V\t\Zw^(\ouҷHb\l\|7OS#\X4k\\\MsZT6\&\\Gyk\B.ϲ\4}lm{|\\' Z\\\̯\;9\7\(O3Hp	\\*\Zֶ7\\8]-\\lO.\Ui\\"朶Ǩ7i-\Ii\\\Zf1\?/\\Z2\\#F		v0\;\p\r;>*<0\AAv\rnsh2^&\e{\P\T4\E$rSOfJe\D\/n9FI\&VTUQp\+Px%g\SM\n@Pe2#\n\i\\\\0[R{ \Dk*Q7PU\\h\ʻBfry\\\\d\0B\kHMiݵ\\\vz\0K@4\T`r٨k/깺ˈh\\N\W\jF\걦ݻq\\0Q\6uN#.jA$]3-dcmi\rMG7\\\\+)#6\\Y$ͧ\\'$\`⃒3\6\'\\\ZKh?&אrkEo\D٬,2^v\d6I诀\\=\\BR&\ap\nVi\x\rcG\'MYMn0n8\\\\\`xMl\\F<EچȿJX\i$:яu\=d1\$6Ho\yw\&(Y2Z\kZ\$c\i\rڴci\r\lkH@oUP\\\re\\%7\\		3\ՙ\\-\yxϾ\'~_k~(p\t{m\m}~_\\'\\\\\eĸWֈf\aZG\\Z9\cXw6@{g)`b#ӹsIh.\\\\r\ԣc6\p\1(chq\ۺc0Y:\fJ\buU\h\0ݕU\f\"\%\\'r\Z&G9fg#\\辳FT4H\>Ku4n\-_pW\iu\'l\r\ds{c*\l\M\/i8\\\\jq\7xY\`.\\C%CA\)\O@f9\`h9\\\(=7\[D\ܜE\\l]gi\Ȓ~-W͐\\r\\}E\\\\\"|\.\*E\\$\\]h \\4[g\\U\\\0ݠqAG\\\֐4ʻ\n\Z۵I!D\"Bw(\BUD,@VUg(fUFتc\Re2\ApU(r\TR\Z\n\\U[6,rʡ\6qpT\Bشcј\\Zd	J\\Zz) %U.\ZB\\~)YL>֛\vYu)\\0x\\r\\;?\' *i\\)4*ӊ\>	B#i\wG	 ~\dO\\0\AxH5=\\0E{J;\W\\@\9S~_n#j\Z\\J\\雬3~@l$c\˸H!|8\tզ,3\byim\5\u.͑$\\o5t#v\9\u\uj5s\\V7O\\\\\\"sc\+\\\\O\hpFv\\'\1\:\\kk\:\<]zk+b(\a\G{+\\q\=\n&\hFk\,i*a\\p6c\04\poc\^S\If\)>O׵\/\0ߥ\"0\\\wvt{\b\0uS.\mY\'JVS\>H\\~V\=9[^\.likhɩf\gfHqKͫ\jd\\	zڸS\D\cI.\5b\\\0L1\\t\c\'\_VZ~@\]v^N\j$d\בT\\V`~\nF\f\\<\'4\i\\0j}<\\rv拮sWcҺ6\\\,}=(c\4\\\%\\0+c\\X\Euteo\\\E\\B\tc.\{\+Ը4OcۻP\r~[$J\ZbM$Zn\fF3~ᑵ?d\p\\s%m)YҰ9i\AV\~Ud:\i$B\\\m nP+XSJV]\@#\I	r<\]U\G\r\\*NG`\nxW\\nWmRDw7ˈ\*@\r\#B\W\0+\nX<\n6p@T\q\nA%\n3Eh݄\Z\(,rR9[Uʮ\cJn<`\c}#CG<Qҡ\\n\\\\0*}z\E\@ŪNU7,\0u;\h\p&\0\DsI\[Pd\[\Zr\\q	ͫ\'\	>Uh4\q\k\\r\0ac\M\\3\\7H\Z\0w\0=ǟm|\\[\ny\ؼ\\\s@\h_\/it\\1\K_#Q?\\y\}i<8\S\'ZSՎ #\\}S[<mn\|k\8\exCv\0OVR-\P\<\}[.\$\0\\\	w\'kiYs\\4~O\\\q5\`s\xY\Zȶ4I)ǉs\廏\0U钖m橾\n;i\Gef\=\&HCh`\\b\\rQ$ U)uZ=\eHإ\\ä\\\Z\<GL-\VNX\e>jv\O\Ta)\0p\  t-4m\r=OC\##ߌF@z\Υ/\F\#4z\ej)\`ռ\ 9U.WQ\\P>4RJ\6\Y3\&\0cw\/iV`\0ßR,\+CG\:{\]ٰ\n\u\Z72Ks\?0\\\=\Ehao\죦htZȃZ}?\\\d45\hUY\\	\ܷJu\rv]+]͇_\mO\B\|Y\\\DLr\E\\}\Ϭ\\N\t\]+\Z7\Z\O]RE\5Kw\7雡x{:\i|\=[\\\sOeib\'\Z\s˼I\\ZEH\v>^ּk\\\TEyEҦIQ\"\\\\\\0W#dҐ@\]ʁʗ!\\Gr\܉\BANB\nPA*\T\ŷ\ShF4V8[h+\WCZ\Z6\VRB\'ZCko(Q\HqBkmEkTӉ\'Шi$T8\n\jqX\a\E4!\S9+\Z!2@\.\n\\0Bı\\0\\ahh\\\m\2\Z}?\nZm\nK\\Z\ry2\n\iv\\m&!-\G\[\1F\\eeI\\\!gR\"Di\r7@\'\\wcw=\dY]\ś<\\4?\_\]\0c+W\\^o~0\3yN24&]g.v\깿!i\,\'\\\r\4$-c2v\7}}+;])}\\<:wt\CYoı\1)\Z\\\[/\K>m\\7ʙ\j\\}S\`{CoV.zrt}R\\#\"k\sw\^\\\\"\&PkM\l[Ϊ=\kɦ\6C5\Kpf_Sݻ\\4v	GIΏx\0\N\\;oQ\k\ n\ΤɃ/|6\E&iMc@#\#R\e\	\#4)p\Z\rd\Ms-i\m\nk#ч\MyZQ҆\\\W\h/塥ZR+\\C\';#\$[\W\0~ǃ\\hELIۏۚ˨\a/Cr\~L\KZ\s_\&ae\c?\5:xfiEk\<p\\LKɽ\..\0jIpM\\_Q^SZ,>Qbi\\JꝞ\'\0Rp4K\\{\[\B١ |wVNc\06W\u\-F{ QNJ\d\YT\Uޡ\9UV:\7eyʉ\ڡ9Ve4ⷕaY1갪Z\P@\n@^^TiB\{PU(y纠\lfA4tk\vDk\%qH\\|i{T\b.PGeJ\\\j%B)V \1,KF\]\\\\_T{|\hS1v=\&	ǲe9,V/0\n#_\	Yε\\r<\2E_+Z@!=S\R	m4;W(ư\Z\\h]\Rz/\n`\\\et\獭u|\+\\/\'~0j\'>\wm\\\KEm\^\%rc^aѹ\nN\(.{uh#o\I\0S\\\\N;}\3kZ	JͧtZ(vSղHk\rh\M\\:9\\\+ss\3\_Չ#i{oo]\\H4\\\}ή3V6C\\ˡFjB\ǰ+ff\Z(To]Ji\\jAtq\o<]\o\a.\\\Z6\\0\"]{\'h4}NXrP\l~a&\\\q\\4֒M<\ZA)f\Qxv\ߘ瀇M\?)}M$#A\]\Q\\"t\)fKЙ}}WD繿>C\n^r\\{o\f\輓e[{$f\\v(2\eAp\\#\0|\\\Z\J\:j\YH\\r{kΝ\r\\\\\i\Z\\_)\\\Ꝩf\\\m\?uCW\̺q\esk\\\I@c\\c$\\\\o\VУ}UR\꟨ \rHp\Z0\=\Epv	\h\Ɩ\Z\|\h\\}s}\si7!pnE$$J	9ʡV*\\rʠ\\ʷ\nԔC(\\.\F\}b\!^\Pr\\V$TVISVeX8&R9W/hX/exay=\H%P-(P\\NU\ZU	]1	Ps\$څC;\"\\ \W\J\k*,z uJ(M\\;ZlZV\}хof\)k\\7\N	yA5\e-x\P:E\[wI:\b\*ѱ\qh\'\\\\8=ţw\\\Y`Xi\\Z?6Bw3\\z&I\r\0\\9\\9X٫13NF\\F\ךGc-N\\\yI %d\J\8n\2t\0\0Z;[,š}8\E%\ \9uݕh!$24,oWEFƍ(wYֱ҆\a\\#\sXi\ciYZ6{Z\`&\_\\*\\k(F!\0`\Wph\9\0]!2\\Z\NR5\\(;\\{kL~P|^03\@f\\Xiv3%@3F\\\r\\o\v\GtiHb\\\\0n\\ñ\+`lZh\\:H\\0\\\Z8$\ϨWNݤ\\qIY0\\iW4!sC^#\0!Ѹn-Gđ\\t\rf̀\\qʹQUvA1 \\qjc\B\DiѴӇ\·P\\M\H0M\&n)c\i\*c:m!W;N\\Z	1\ǞR3h6\\\\\(}WF\23\k	\v]\'d\\ϣ$=Հ\Z=u>\/	#41\&F~%ٳ\B\ꎂ=@Qч\\O\\`\4>\\\wM]m\'\0sK#\\\\!\ZN]]oÐH<75ư\\1I\c垚x\pSJ\\\\߄	\r֮6G1Y#TW,t2\:\\MPܣm\i܍JԮ\%\*+RG\n䢡ȃ%zԨTiTa\0\"\R*(\EY^!X\\FhW*![x#Ǆ+\n\i\V4p\T\I#dg*αʒZWB/^\Y{n=\;=5ͣv^m\\\\WqEp+\")\H6\Z.\0Įt\s;.xh%ޡldK1\r4\\\a\\\\=*\\>N\\\\\\?e\g<\Oqc)6\wM!\0	\&0gU\GmAm+q)߄\U\饗5\%itiGOv\Uo\\\\\\\"x1\ 7\v7V\L\*\\0;(i%d[y?+}ID\Z\[N\\<\~Q\R-ѱ-`{{\\	qXS\_#.\K3{\x,8wzB䶇n\Rx[]\\O4K\\vS\+\%>c\6\V\Z>g\"\ 4r9 j\\q3lǙ\_Ms&7w\fGI4\xJS\7Nd`{;5-i}\9mku1.%,&#H?\\NQ&7\n\\Di&dmAMsES\Z\\>\yvX\Y\\5 +Ԃ4^%Sv\\\i\{KZ\Hz\'4\ZyZ7?0\[\ZY\0B4_N\\H\\[}r\r>trؤ1\	\\\]ZV\߸-9\\:Ε<\@xx\\\e\y\LL\4\zJ\,rZ\-50\?R0V-\\dp \փ\t\ttf菺\\B\.\(]M\\.B4q8ˊʑq]Vk];\\0\0pĐ\\yդ\ռ;\\0Y)\Z\ns@\mJZ0,2@*\J\UP\t\T*AL[*/\M(5$U#\aAhC@-BQ\\F\n*\\U\#\՚\r)</WR\B8Da\0iP\\\9QB\\\R\\Y\ZAmDkr x\)\Ed ٣\\;^kNTX\跗\$\ճ\\0$\\I{.Ӥ\2h\_nƷH\<\Z᫿(\v1O\";F\z\0z~\Z;]g.9[qcv\Te^Ҁ\[\(%t-6\q$iC.[`*aېm\"]iJ9.\\aha4p\K­ŝ\h<a\anO$\hv\\	S\{@\TUExۃ]	c\\\\,yZ\&\.8ID\u:+\ܥԲb-RVuO\6ILxkCho&6\mV[\wW!P\r\\\pͺ\;\i\1w육kՃ~)a\\hNEra&2\>ʍ\\'Axm\'AM8@/ԣi6*6քFsh(f\5KF\\shd!\ͦ\C~\s\݂=\\>%8/z۾MˈIC	iW\?uXgo<\A\O\\ډ\\\m\\.K=J]T8\\KMBtkǐϱ}зS\Xת|\{5ъԶ׊Cq\D}\%Xr\\,M*Z]/\ZUB\U\\r89\PbRQX^^Յ\0W\j;\H¯PZ+8F\\H,\4Qvx`\ʓ|\\^v\U\\\nv`n֔/8&X#O^\AenȺLp4--Vs\Wg\uc6=O2O\p\bИ\"9Q\_^GA4?de\I\8\#\\lAi\0qKr\'\$~0آfHv\\ي@שXHi\<-==o#\}	6\ZI=\q7ܩQ\M\\\\r\W0\\\V\\.1k*\\.\۫#ݵYs<ΧU5B~>Ϡō\riPe{Zxs\@h_s\Amd,kKKF\P\\ʚ\\H\0\]\Z\\i\\a8CH\H#\4\1\Q&w\G\\\Vk6\;rwۺa\\\"^\z]@Kkv\\0*\'\Nx)\U0,\"oi\Uʯ#*~\עy\n\\)+5ar[N\K\#-x\\\}Ǣ\:\5mk\\g~ [!I=>S[l\[3\\\x--\s=\\\'>\ƒf Ѳ`\en6M\%\U\j^\jİQ\\0|#(.w*\\\	λ@PT\'*I\T.\*neT\O#Tڠue\KT*\BDvUjUB\\]\P(>U\-PRB	WZ	\9e\-9?T\c4V\r\@\n-\\f\h6A-\0݀}ԙI/t\3|(\-PeC\Z^\0\SAcl&Y\ursn07ĉ\Kjͮ\\@si\k\0]\'\.\Q\.ё\,瀲o\4\v5ޔ\\\Tn\r-\Lؠ\*\h-(,FoN/;8\t\0*\{\&\((\IwI\Ek\w\\T{\\\]#\;,d$䀲d\M\\r\"\\J v\\\\W6c\r\\*29\\m=P;v.\#3Gzxy\Kh>!:\uiy5X\'\ټ0\I \E\\4\\gЛU\	\V[\D\Z<F[7\{*\ƈ\\\\	d\v\5,4=(\,U\VB$OV@8\\n2da%\}Bqau\Db\ptv\{7\XFs\\\"*f>\0)WV\mR]\k#깞;wx`\u2\0A\\\s10\4\W\\\H\nϐwp;\EVx]W\3\\\+h\'\\u\\^cֽK½6TƑ\nF\r\*MTP\\Iz\\X\r\*N^OF*\P\\\\ND4p(d{=Kʸ	\!JC5mTvT(VPDbtW\\\0.\KJ˵\m\Ӎx>^ɶ2<a%\\V4\^\we	¼m\Ny<\\L?%Wm.c.VpD\\Gks\\aTQ\ʛrmsYܕ\t	4e\x\.!9ZZ-h\SN\>\\\P\biZk\k\4\K\W!\\\GQA8\0I]/Nd\o\<ь7csHo%ho\+=D\ZbZI\<\Dr4\U\Ap\\``z(\d]\\\\\\\\#,\axe\nȓ\[.v\Vs\n\\%g\i!\,lB\o\ZG\NRJ\C솸wEt\xiֺ(\ G\R0\\6;W\m\0\\\n6:fՋ%~\%c^\6	)\]:\X\\\N\<l\Zk[`~s\:\{\p\>F4WhO>+\r;\(Zw\pT\\\[\05G?dƛU\\0E\A\\c\#&\<Z2oe\Ly{\'%Q\^\\	.;gꙏc]\L\\ sZZ\npi\\'Ѕ|;\"ի6(\ִ\\*a\\|.s<7u?k\p\\Ze,\=\Z2_%\4\\;\\\xn?u\|Gp\K}	)\\d\\\\0w\\n!J\UD\FU\n\3vG7%]D,\1A(\'wW6rU%v@P\J\B4T*rxJ#-\n\p)*\\0/\\	\rSkjʌML(\r&$\J\Q\p.\\H	\\"q4sϾ\n=P\%pI\\\\LKjե񳁔\o\֗+CJ\Ǉ9(b\j\\|;c_{X@\\5\x\r\A\\\>Jf\r\=>\\r\/-8\8]=OL9leTΛX%>Vh\\5\/	m+3\[#Cc\MƻpN4.뒪\\[~\@\0wY\B5ۜ@p\ yq{;Dq\\\K\Z\r\_%e[E3\A\\\Q\\\;\>\A8lԕM4\He	\=\h\r\cp;_niQ$XK\\\4Yqn\\.\axsp]\\C095+)\`;\\\`\"hP<7n9i~\i\0\\"\	>\G\\\\\Sm\dfxkc\Za.k| \ZZۡ\JqҸ\0\`\\\06S\tj\$o;2B]	Tk=\q5\@iQQ\ᴶY\Q/w\Apݸ\U+\\y\u\\hmoVV\eGc2ωL\2\"cV\[\Wl.&gW\rkFW\\oMGHL\&\k\\#]Zsv\\R{	{[\0T)*Z\"׷PU&K5p\!eJj\*\0ה\T*JB(a\\ <\J9j\e)*o38T\m\Wg\nOK[Az4+=\ZLi\\A*\X\\0d\0p\d\eU\p\X\)P	\$K\^c\7\ \\N%ʫ[\Mf7i	N\Hb\Fn\m;\YO`&\X9\0K\\6}3?\\|\\73oW\\rԮu#L! ͕\}\,d2|\k\rKjo\\\\Vl]WM`2L<sf\Zf\/O\u2<ִzV\\0\'\\Ɯ\gGrh5tQ\0\\0\tӽ\\P{<yhWk\$\ry5\dj@F/6##L[~\9p\=(hdE\#=\0\	CdsÝGB\sL X\1<{N\	\\nE\\\PQv\j \;\m\?dv,8\#LOV~\3S0\\\S4٪ye-n{\KD\#w5\af\)\\\\0	X:y<gԭ(\\\\QA.k\FM4\tW89Ǐ삦3c-|c\'!>#F\\d陼vl5{OW\>dv#Ӻ#<\Cd5\=R\b\\\*!n9\pju1:@Î\\\F\\GO+d@u{p\Z\K\$$\InHOk\\cݴv\\\\\@HnѝT\-7ʅYܪBh\ Tj HDv\\\Bwr\Z\VՉUo*B\\'UpJ@U\0)*4Re\=\U8zR\CGRj\Z\+\*8ࠂuz\n\P\BR;\pg4j\\k@\fЖՌJ\f2\HH\Tk\4=\Jw\4S,)A\4n\haM:\䠲vM{&*69<\\\eK=\ӝ\'W\]_\]Ej2\Z$d\к4HֺR<bWc\hTy l\\<.G.\Kh<=ug3\\o9\r\gI\0\{F\yNi\tm&Cv1\\I\P\\%.s\(\kj	kݻϝ\Α}=5\6\s.ے=PHHd?\\\\\HktbA6\\Jg\!qN\\i\\s\\\\n}\6ܠ4\0_N)h\Hp+=2\0A5n\&\\a\A\nıٴ\Z۸\聅$QzY\r\\GRF\7VM4ކB@\\Y\P \6@\H$%!9\0\+K\%!`dz-\"0ӷ\1\;;u84,8Ƈ7\X;*F\\\(+n~敱\\\}\,cek\w$W\z\4\\\\:\N\$\\$m\#g7𹛪\e\r0*B\iHRʡUÂXTyPJ\'	+\nUG*j\\Ң	K\\kׄw)\ʐ0\\`;P\yLbrJ0\N\\&GR6ZS@}ʓ8P^BB$\\\q<nJ1W\\Go\1|ɽA\\In.\\\\\-\wO2,GsӖꅛ,H{v\Zk2sl\cI(.\\.\\$`\kE~\\}i\ܐ,tiK&mE9\an\&fl§J΅\2vvdIu\\\=I	fj#XF;\k\CR:\wdאu\n\nV\\:9YO+h%+yBXHis;hC, 5\\m\zE\Z(,\(\m0IiϞ6!Rh\#$\n\/WE\v\}\@\0\ 70UЂ7\A\';%4;M\n\j+\\\rec\\i5Ü#p\W\*4\6\6\\0I*~6QwayM4\\i\]zs\\rG\5\mKs\~\\B\hj/ux\SϢ;.>\\P\\\GPJd\[T*T8\+\*b(q\!w*vA¥\'Cuc\UM+fW\BS\',NULL),(8,2,'2024-07-16 11:00:00','2024-07-16 14:01:00','Hacer compañía a mi perro \"Lobo\" durante unas horas.','pendiente',15.00,_binary '\\\0JFIF\0\0\0\0\0\0\\0\0	( \Z%!1!&)+...383,7(-.+\n\n\n\r\Z\Z-%&+-//------/-------------+------------/--+---------\0\0\n\"\0\\0\0\0\0\0\0\0\0\0\0\0\0\0\0\\0=\0\0\0\0\0!1AQ\"aq2#BRr\3\񃓢$CSb\\0\0\0\0\0\0\0\0\0\0\0\0\0\0\\0#\0\0\0\0\0\0\0\0\0\0\0!1AQa2q\\0\0\0?\0\0mz5\Bw,,MS[\\T;\=F\#hO\"5:\\]:\V\\m睆`2N n\\x`|3_KUI<>$d A\TR\\W\Դt^*9Ȱ)\d]Up#\\YTιqrWZRҘp@Bt!;CI\np047	FR\0\HN0pM\6B!)l\'\n\r!(m\\\\WAJ\nT<ק[UFM\r2[j\Sĥ\"Qr\v\SqkgAY\\s-\W7\޼\\Zn4\9Pፉo\Hu=\MU\t6vkEz`|\\?\\?z,\x=7^	\8,m\l=\*oe5SS\:H7\\dҚ7u\Y\\\	Ӷ-\\n/\"\n[sL8\\rN\48\=\uNu\\C6캟Nx\=Wp-KUN.hD\K\W28+&BB!%\0	HJP %+	TI\$\n\0rp(\0\n%P(\0\S\X\"Y\t7b+\"X\0Ķ\"Ҁġe(\n_:vJ\e\\QU0ָ1\0_F\\ӄi\Z/\^b\nGkH\PV\\,p\\\~\u\=\\Z]EJ.Ұ1RP\\\\\@\ӗ\\\?%\"\\T\~\Z\Z\\\\m=-WQ%)ћ\'g;\H\LXnʻSõqY)\Ԓ\Sx-\Wv+L\I\\\+\n\4\8\0r1\\EV\Zm5f]GP\\7kT\'LѣG+EạZ:\\k\)+j1WAbH\'\n\HN$& (\0J\04B\FhZr\	)\"\\YFd!\oLAE\nK)$0,@\n\"	\05~I/9\\~L夃^x\\\E#b@@GL-q\ijX\\<C\\X꘭ڟ\Q,j)Hiď5iK\\\\:\Ls>&Vo\f\|\"Ag\Z\)\>	SJ\\h_|\\@\*\~і%\\\\:ae\_M{fH\r;5\\\g\漣]mM\;4W\}c\vV4piတ/g(x[Q\!\$dH  	B\Ps/j\\\\5\KV\F?GUR\\mJN\H\\\"\0D$\"H\08P\\\D	LBm@9!CS./PѪa\M\&ƝMr-ʭ$\rH\ԡRpj \*\0\Jx⎆\ugG<z	\\Y\d\\װyʙ+EE\<DЪ7H+Դ\R/{Ca\ĕ\z\#踇7 \\¹\\\rj<\D.L@\\p\n*j\Z\=\KddQ=:4\B\\\\'z-/\l\\u7Ɓ Ì\\V^\\c\L,R\a-w\<\&\1Np>j\|JBwi#b<\\5M*\s\\E\-\:\jMgi\\0ͦxi\8\h{}\\{\͵\Z\G\#\	\%V\\JixZ3\F֦O\\\\04Ü۟d,xϦ\؃\e!_7iu\0V\'&ڎl+K{ӻIKbןK\"%\g%f/m5\cț^- v+EtL\%\rˊ\ný	zP^	(IE\n\%%\^HT\"P.˂@J*C	et~>7Ҫʂ:AiBkUJ9@\\^)ק\+C\\6fhh0\\0H\?\'Xi3F\ӯ\\ӞᎶO\{J\g)RӊvmH#1_Ɩ\\0\LJ\E>@2<\0\djO\L\i\\2\ 1&Q޺ݛ\=vyi\\s\\RGkm\:)5;	\wB(\\! R&EtL	Ƿ\n~#Ϣm\<ʑGÂfLL0F~\C\݃\;\ZZ\0\yy7y!\G\Z\Z\UH\	sWjL\D%D\:Z:DjQ]K+\	@JR\8ۊRPJIHJ@\0Q4	(I+%C)e \nWJRP@\7B\\\\IYښېN\'\\\SM\Spt\^\5G>^ÌcoYp\I \\:\~\0g\\Әߒ\Z >C\ǯ\\Mv\Tk#ϗ\c\m\f1\ͦ\\tGS\\j{:\zz^Yq\0ovsQ?xM\&\\0#斟h\m6Xp!\$L.%\\KL\pV\S\ML+v~i\\:Ud\\q|\\pIm\k\\\$\hT\9@շ鴖L#G\.Y$Ԅ\V\r9\\yJ\Z\\\\\a\V\FF\#\\o\>\һD9c\g\6>`u%d\s^і\}MV5ØoO;Ue\!Oo\\"%+\\0(\(\n/R2\a\@JT\\C\Sw5=+Q\E\\t+$\\z V\0\2G\jUW\)\\C\\u3\nb9\\0ʻ\KG\.&Ԍl}bTZ\G\\4Np߲\\6 ;36@\fn\pԇS\Ɖ\W!@\s^\y(ǍJT˜\UpZ\{A	\\\\"L`1PW\\0ǉEu\`rrU\UoĐ\wP&;F\`:r:\WӳP\\\`SpxڄrӴL+M::Sfx\rZ\ùv\b}y[\\Zo\\|,e]U\ȂߨT\\;{\c`;87\'\\rV{OD\\=\\&wD̅-@\\rh\qħ/\\Z\rddyWm,8\0[\nwHT\0hWbO `\\[\S\]Q6j(ԫ8s\6>j!5\MDP|\r\Q\'xu\W\\c׮3zCQ:/]\(\\[\Ad\ƪCYI%\)\NdS\Z-]5R蔗F]DPRDyj\}\w\\\\tduFJ\mQ\e/B\\\\0\\T{8Ȭ\=z\p\%\\\\؞\\\U\R\S\6;\\#\eL\gPt\c\GN\\$^+\@0\1#WZj\<l\\7OV<I\Tu\z!S\.\\0xOB\h4\y߬tSx_\0:p\_6\\\C\8p\\`s\\\\1Pkĸ۶]\Lǘ>⣨\\yd\\\\{Pq\'[µ\\p6SΥCu#\\	9%\\\\pzS\)ڔ\'R .]`K:?Pː\\buIj\OzWwj-3@uJB\k6,AluI?2J\E\nɟIߨSO|Ӻ\|O\zE\\rn\\:_\6\\בs\9	YdLpm\\v{e0\׸\1\=*;65\4wC\\4D\\e9F)td\F	\\)Y#ZkU\'\0\lO \c\\X8\\◥a\}.L^vY\C\\ {\R*\9鋼З\":GwQ-aZuRw\BCɫD1\\k^gz8\'i:\\ِ2%\\X\\@/uGq\\huf\\\#]9\N|3\Z\Z^\4NZ:2)\EW\5ʇɮ\~px\\jrtt\r!߲Úp\Op[\5\d\\\в\X\l\]ࠨ\$v8\\6\\rEC\%4j!\/P\\\\f!R،\af43bP\(0.K\\\C\]ܕ,\\ƈM\\\Ok5=\\ `m\'\\u..|fX\Z]nvq뺉fQ\\Mƞ{ \\m$>aHc\jj\\4\`DCA\5Mt6Zd,\ۼ9zU+6=O\ĝ\/(\\\r[:Tx&\Z4\\2\s\"`I {\q:_@\k_Mċ~@F\NR\U*3%C\\'?>%n\U\RE@\A\_(Qn*\\\\ݫ\\uI\\J<`\\FG |-u9^c\2\/y!ߪ*w\'80:\Tr\ֹ\x\MΖ\\'>N{-c\7D\T\\Z,\&kI\rx\\\5\@P;C\\i\\%\m\p\\B/Z\\wp\"\?_ج\5F\?\0\\r$H- \\Uh\\n \鿤}JH\0t%\i,e<iH\2CS\b\\\sm\|}\0ǋnKuF^\"\\'?hWcKCCDPu-$\ًN\\\aYV\\siiL\D\\\q3n\ \\\\/\0\Af1\CJ	$h\18\\I{I|,eڔ&DX\\Y]W\ocx;?c[\"@m\\'\g\!*Yx\T\e՜D:\.)\\66\$N\OĀ\\pn=UF	/}VZ@m\ Ծc\\U\\xn7\XYi\8;f\"V\Vd\"CxSHi\0\^i\\\\\f\\r\n\J\~:{\\0\'\'\\J\q+k%)8ݎr=:(y\+\nR\kzZ}oWt\\\\\07:\'?\T\Gؼ\Ѫ\\B2a\ULB\T+,YY8+W\&\jm\TReɬɜ	?%G[]0\&ZL\8\\A\k]8>\>˟̽+\̀Gz\Uԩ\I\>M烱Fto|\[|2\I\à\\t|\Z\{{Ǵ,{w	\\\ZEY-\o\M\0\\2@\3蛥\\ji\'\\\8S1[c9W=c\X)SsHkldA)\\in>/1&	\Ԯ\ZSUc_ԇd`	\3\.\\\8m\Z \U<Nqh-\ 	VZ9\Z)Qh\' \\D:@K\4\0@\-S2<0UHݱk\Q}ӛo\\I\෗).\0\\.cKfAeA\of\\MBT\8S`#\\O\\8@s]\\3\n?\͎`\IfH;\,-\'\Zym8\D{\\v16!\t.\?u \"	\"(YOl\)i(\ӈ3\?\~\(\~!R|\m-\\\\GMU\&\{`@\L0װ\\0\\B\\\rX\s>+\\&\sɉs=ff 2\yF#*IȰdȟ!Q\Pȍ\}PAe\:n$-\0b.8i\\=*\i[$p@\n\I$G\\~\O?T*56nv\\:I%R\װke}S\\\\\\M\ZA\b$}xoimIly\\TT\\\\.\'7;\:<EY\\-A\0g\S\	\Zj\0.nnikE\eU.s\Ĺ\\\\.>\PŐ&ޑ?!\\NIc>!m֓>=\n#0fQkv\s =f\0d\0\[\2?m[3-\\9KQp\Ht\D49ߔ$\`-G`oM7\\'3 A\\E\\\u\n{hL\$\<)\\\Zb	w>\'z\"\`\\G9\brq\\'\\',NULL),(12,16,'2024-07-19 11:15:00','2024-07-19 14:20:00','sadadsasd','en_curso',170.00,_binary '\\\0JFIF\0\0\0\0\0\0\\0\0		\n\n	\r\r\r \"\" $(4,$&1\'-=-157:::#+?D?8C49:7\n\n\n\r\r\Z\Z7%%77777777777777777777777777777777777777777777777777\0\0\"\0\\0\0\0\0\0\0\0\0\0\0\0\0\0\0\\0@\0\0\0\0!\"1AQ2aqB#R\3b\r$C&\%\\0\Z\0\0\0\0\0\0\0\0\0\0\0\0\\0\'\0\0\0\0\0\0\0\0!1AQ\"2Ba\\0\0\0?\0D;~!̉~\\e\0;\\\'j\mL\QxZv𵈰Zp:e\\zex~n!fl>\\JW\]cj>n8T\q7m\\nTWi\n\\\,\F}o|\f\܇\\f\I\*I\E\0\\\Xl\nJGjV<q\t\\kh	b2xvH\̍SE/TwI+/w<x\\_\\5<R\3\MU*©yZ\`n\\R9Z\9`aysK\0/\rs8\0d\fi`Vi$ӺЪ.|\0|\m}>\\;F+\ek]&\\m\Lfݜ\r\\3wsn\u\/\殑I_{>\\U.k\\\bTa Zt\\bf\0(\"q[x⚍}Uh+/=SRFHr\\\\j\c\08\\\nl\\M,Y7]u\?}q퓶{ז\\"\^6\+|N=_H\\\3{\+ϯks`\_\\J\\\˙w\\\\cM\R	$,\\\\\G4\-;\+E\e_6\)[&YaFhb\3X\*k\L\Z\\AH\\q\ˏL)bi\|\r.%Ô}<4\0*\޼Y\\V7?&:\sŕɭ\S[>\nd|۹s}\\>\Z}p\Y>\'v\SĹ{\u3d\\U\{.?\<yUS\\.&\@s\lv	j%Hny\-\Z	)\׳}k\|FZ<R,\͙sX[\\E$?X6t =\08QIJRZxo0\ͮ\<\\Aaxjϓ*U}\O\04$.\\g\\[*f<U\\{\ʫ[X?J*MU\Z`z$\ӭm\\>ٻ\en{/O\\!&m\fm\\Ï\\e$-Lf\\y\\|\'ii\\×­`on|k-N\G~\\p@\\dvU6MmT\w%پbKp\b,֙s\\\r\Y`z#/\w7\\\\\,ȻJ~\,S\RMF͓4{\\\4\=>\Ν\fw\\\C\u=\\'\,K\E<{?.i;*/j4@UԒA>p\N+jD\Gݶ^+\`\5W<YbL\F×l\XVH{\\\&j\3.<.8݁ȹf\\\\\c\)\2\J̿q\g_\\64\\2ȿupǱc\]\{\vP\\\\r9\S\rO\ĥV\Bb-U5F;\PsincO;:)\CF\SKVlT\\?\0pRgl\2O\\Z\\/.?]G\vg\ܕ\\Z\n|FǏ\M\4`\\GgC*wg.\UǪ=t>Z\\\ُ-DR4^\\m׽Y)*\.6ᆗiѭ,^eX՗nM\\]/8\SŢ4\fl=5UGVL\І\\\0\s?gfA<	<,\\kME,aR7\\sR\{\݊}QSJ\MU;H\h8zc\5\LR\\eٵԱlTy\SG=\rC\3eda xy_vK\TTD%\\$\0\0\C\6\\i$nP3K\\Z)$!j\%D\\Ǟ,4;{4\\K\s}\0z\lL\\r\\X}#fV~\9x.Ѧ 7\\Usx\\"5 _Q\m\+em\(\l\\\\\p#\tq4RxV\\\\]8k\\E?hvr}y3-Darz<4Ǆc[٢rs\IQ6Y^ݷ\\\-Jjk\\\\\\\0+\\\:Y(X[2i8]1\fD\\\\\\r\Z\o3f]\D\5\\p5N«\Ylz\\_\\\h멻)\n\VX2\\h\"7\l7\\\\\\\˕r\q\勶\Q&j\ʔ	\6؛ij\vY4Hѻ>nP\\1::ZYc\C+wI=\\\c{X0\5⛼\D\fk&Dkn.u\j]\"ac2UY\\\\ӭ(E=(i$\o\	\\tmu\\ʫU\\u0\۴)S*ݲT\}\6\\..}.pncd|\b.k-\\\\v\\\\\L\\W{+\v\\0MGdI7V[ǈ\\\\\Ze2\BҴ\\n\r\r\o0\7)J\ES%K\0)ʽn\\\\+Q\\wП\|S\jp\ZȨ\\u\O1?e-dA)s-u\\.~G#)\f\'\\3._{6i\\r\K0\QQ\\ނX{h\\Zb\ٲU\]/a\&x\g|*ڨ>`i\\1j^I\5X\\m\9p9\\Ѥ4]\D]ߏFjEțw\00^/cx%\Um\2*Vڗw,m}Nv*m\\',Bx\Yt\A\rV\SlocKw\{ֽXە\R\Uz\Ϗ\NL1\\\'rm$PK9\\\ԅsrTs#K~\驩&TFsB2M\\\1ʙYSve\\-pu`^ՊgԪ剛*\\ZA<<\\\{3NzIF\TF]*\Z9c\L*HZHJ2x_\hq\q:\*ݻͨ\0q\\\q\\\ƱəI2K \MY8\(lYɶ_Cku\爋3=+X-\[-r=p+[)\6n\\ĕ2\\?`e[ۅ\\ckX\۱0.V\\0Rn-u\\U0%=E\4F!\q{)\M\_m{\߳o<\MS)}5Mj0e+lǇ\^\\Zn>i\"\\<M\\ZmzDNo\CmqM\0H˔f嗡\\xt$\jlx\0\69*c\\5\"[dE[ca[\\T,-,#*\\+osRH>x\;-7\f9ܱm<\\\iv*\.qv\0`\ i\"U\\*לS._\0X\*T]\+\'_\\c\ޟgVw2<Mƭ\0矵a.N˞1\g\'tsxu\>XvG2S\\5\\\w\7\ܗ\*\4c\\Envb?;\0\ȶF3H\\\-\\\Xk\\\6\>xS\	\\"%%݉!@k2Iǋ.׸N ~Y\{M/\,U%Z7ZX\hf\_]=\zu:kN\w~\,RfʬQ[NyP\摚\B\\\\Zc\dɢ\D^̨E\5$x15\\/\\\1]4צ\i$]_:Z\\mrG\\Sm\nm\ȑl\/<T\\\G@\F\n\\\c\\\κ6\QF\'Njhʣ_\1%#\"U`&T|̬3/E\?\\\L!P\XfLf}\R2\6>|z\Ϫd\j5f<y\:k\K\d[[\\Q,V\\s.`\%JLny]\X)\\rx5Σ\\Z*\I׽k\l̫\\a|+hPE-,2\\1<\^dpV\01!\<o\\Iq-Ur{:˕s.[ok+\\mQ7	46=\\	\'\\rI\a*i\	B{M\y\tRC3\v\\I\}l\ȭ\'\p\0\×Lu)\Q\Z&٭s?OO\=R\Iuk]ݷؗ\!\%.e\\\\⡕\\\\\ws\\\QWx\r\\\]\JǎP^.S*XSowhyVo{\7+*Iv|U\+(\nM^\<\rM\$}m=lx\=ф*\\Su澚F\Z\צpwi#fwT\ZrYM3M8h*T#\Ks$t\tę\\i+︲i\\kc\\P\ff\&\QٹL~Zwk)\}\g{\\~X\9\I-\ETmU\\Ry86\厷h$ٵID\\=@28\bH\g%\#jMۢԮU\\»\i⪉ƹ\m{\=nO\Qŉ|ieu\\wHX\r\\Y.\Ƽ\F=OY]\k)UQ,X?1ǎ+1mf$X@\'v5\m=5\\+jL\\\\̧\\\\5\ˇ\\VQ{Q]Wm-\0o{P\wXkfv\j\0mz\xk,R\AN:9\8%i\io\\\ZX xa,\\ :1<\%N!\\E;TJv\C\{g	R8fnAڪ\B6feU3u\O9e\<E\\'\\\M4nݛq4*\\\pSi\jf\\ˊo`\3\x[ŋk\I-ݮf\\F\-&\H\\\z,Pv\4C1\\ƫQʈd{J͙zr\/&g^M\\LMv?k\(s8V\|\\h;_jb{\\\献6G\0\\Q\\\,\Rf\E2\Ug2[\ԋ.iI\[\V\3EQ\"\\[P#櫑O,pO~,jH\6Š\\\iX\!]	r\>\vfJwVeV,\]n~k.\mX?PG㇏l&Yj.\\̕^\\Z\0\?\mr)\o\|7i[Vrf\b	$\Z\\Q{Ugu\c\\j\[:\\g-Y&ѵ;DѾ[\\\h<\\q\ZzibWeL\}|\\#ЍyQ \\\Q6o+\'N\\ٺ+^\<ֱʫro\^\\\vA\\PQ*\[M#\ڨ\n?ߐ\};IV[7N\\\6͡&IYW0[m~&\\[qn\ó+czi\;5\AJ\s\mI\|32m9{P37\\p57\=u\ںdH\iE\\r-\uI\rG(\%\k\\\0c,\C\l:Őw\*\׵\[P<(MRV5Tt6U[_%\{6\\&؝G<\Aח+cͶ\I* \g2w\!M\k\$k\g\䙼7?\\6\\Q\\FV\K\U\\-LӢ,_e\'|\:1\yV+H+\\$o*\Ckk\ډ\^ʢ5\\}\r\~]4$8|\q\yb\vRM:Eycycˁ	4\ݏa2C20bJ^\;Lby\\ϪYR/q\\c\望v\\\\Z$\;H66\"䞂\\\\\i\\\T\б\"s\z\\0H\|r@~xY\1SCx(bl\o\t7XcZ\^D\yK\\c\\C\0\\s\r\r-\׏C\"WQ6\{f\\oo#\MhEށt|r1\\]E4&e\2ƸgfH\\=L\-EB7R+t\"T\{2\\%,^k\Q\\n)\HA#6]\\Gqc\@n\\\nTJ\6QP\\E\?\k=ژESLЫkp9\>#\r\gڒ{]a=ψ\0u\"<g\D\\\tYC\޹\kŋhv8ikO\p\\[\\<\#H\\c\rڕI_^\,U[\㡢S-S\\'v\0o{#\y\à\F);rKi<\ʹ\9d\'\'\\\tOd\01dJr\qj\\\B\q7\LK\n\tǳbf8_\\*dvF\\~,Rx\Qw2\*\\늕n\[4žϡ\ʓc\ǰg eᇧD\\\*\\\ф_</b<\n\4\^IK,Kc*\\\aO6~vN\GRTf\q\\\\dWn)\\\n\\[5raD~\\\'tK7OڝxDn`kXEIHn0\郐Qd\;\\!~\r[gh켐m53\fʥ[\/Uq\b\W\|}1]\wU0~ֺ\2bhԐ\L\*Id\ZJx<\8b}W^\\G)\$\'\\'A\a֮I/B͔\/\+b\f!i~V\\\\WEkGj6-]2\# i{\f~:ߧUV4Br)\s:~\\z:iAN\c\N,ek\[獱\\Q\0J\{\rĪapC\\Y$\_1f4Y\>\JD\_\\rڒ\Z&\"*\*\rZ\/;A\6lٴg\N3\ʤ\D}\*\k>K\</bAOlC\':|1\uKËviQI\V#\~\\\\\0|[FM\n( \\rqw=ٹg9R\\aAf:b3˚&\"\Dֹx\)?138ƜG\`]\\ii#B\vsղܶpzyhd)7WM=	\u;FZ3\k-\\zy\XV\\Txo\?\"\\~5oERh\fh\!\G\\u>g\"\d\0؟^?ŋk\bՂhb7T~kpxz~x?f\)!R}\\+@\\cXe\\_qwB6>\j\:-(HN4?\ة}f:\|8\\le\ݥAT)ifʒ\ʭ`t:[\]qs\\u\%lOi\_<p\1\vi\vu=\HX/\\\~Ug)2\X\Z\x\o\\gvmUW\\͛{\rmn\\\	\\"Ew_\0F\n\ه\էz\0׮%\\\ZǄl~\\r\r]\ㄆ\vWb-^\Y\l.:ߞ5\r0\9X\b\ȑiA\0.\\\0\^\7G\|\0\~y\rETc޿`\\t\\lK5JX\x(4U\q\\N#)\"\R\\@5\\\/U/L,$oEza,fl!TȪ^G\a\b3ebB#dt#\\\1^;\\6es/\\0#@?\|\*\nzaP	L:r\u\<uTX\B\LJ\\VU@%9[{]xc6Az`	fˑ\^ҧ3\n\\\ջZKnqg	/q%+6d3R\n{i\"fZģ\Z\6eW\r\\\5,lZU\C}nu8m*\Z\YWGb-\\r\^N58l|ݢ8\H\`OAp*id2T/x\xs%&\]Bd\-cxi\'!ĄaE\\(~\nJn\面1pֱ0V\r\rtY&*\s\\dd9\\ؗ\{LfUf[,Ԍ,<x\0\ٞ\\/x]\7o\¦LD\\\s|\#\b\"\[$Y_%Y-*\kTnn\V%(Bk{_\\`w`$g4lV!|<5ƙ1ǍP](\\) $9,,?}0\m\n)\|\*\%\+\\:_\j\2İ	#UT,x@SCGE%\r{\/=\Yy\XF+\*\t˥bڋR\ZP\e|5\\f0\<*An\X\\'\\\\;l4Ӻ\0ԸA2foN\0z1\6_	Zfn[BxS\f73nN͉#\+Kݸ\ۧ?+{i]icN\3\\\8吏I\\nN\݀9\^;\\\"\\,Q3ٹW\\\VX\v=\n` 1T\rrkӦ4\\ض\0x\\;nz~6oR4ATe}o\aO\s\\\ޗ\8\nGz)%G=%g\]XHsX\0Q%lΆE\\\\\\\P\Wg\0H\YW6t?툚i;˧0nTP1rؑD!U\0kn\C\\#`Ѻ\#<)!㹗3\\FW\3\m\V\E\r\\yiWl<D[\0\)\\\V\k)o[y\\6k,JM0\D\\.o\CN]c\)L\!٧Wɢ[KpЛ}l\cޝ\\\{\\(Ϊ΁1u6\$s\o\-\R\\ϒ<xFV;*ZTP{|p\@ʙ]d\n>\\کS\\U(\LUJ\G*0iN_q-\r\2%?|\r.\\.\L\\np\ZWJL\=\t&\1d\1{<$1I\r\Ȍeӳ\Q4Lqlˁ\\f\h5a\\J\Gct\\\\E\b\MS3h%ֲ	8Y\\\\G|\\/XPQ|\,\]6\\\\"δ&tE&\[0\")\$RS2\FS\\p\x\\z\Z\\\d}H\F?<,lY4̤\"\\\]X+2\b<?O\\s\}\+GzjWi  \A\c\'IdF\\]??=OVV\"U\@<	q&	F\' \\\vyt\JĂ\;k#=\w|5Eyi\e2uz\\0\U5\\lb\\n4;_\8aH\\8\/믐j\5>ТF\{]3i(\0f\5r>PT@RQf]r8U+~\8\a<<-HFRka\Ƌ]h<t\M*\R\0|/\|\t1,OK4KRW6hV\\NV6?i\\#^ֱ?p\Ԇ\1\\5) \5mc`xb\\\6«S4\\0b\c~v\jO\\UYuq\\$\o\Z\x\	1\;\2ÝB0@͕~7Żc\\'~\\<,S\Zan\l\$\v5s:\\\R/\K[)c\M\?6m?l排w\Zu\o<J[i\Zٲۭn8f]G1\*C\0t\?1OW.Z\\\.ו\qV_C\7\ŦM\Z3e\\dDn9[adCO,ȫ&iKƥ2\<6|L;]B\\\ZHN.v#+Faْ\0Mp.c\\]\\㌲\n\\4Rp\;i*#rT7m_MMG-Π\\ry\衦\&\J*[F\\A\\\0\n}\A#(#쭧\}\,B\\\02>X1\ɔ>\0\5^\G \ow\\E\\I\Z1brm\4R\0ŗ\G\\s_ٙ\`53aƴJb\E[s\1`\;&l\-\tT!\~|0Wf˗t{0z\s.LVh(?Ge&G\)j\nK\6\O\1QB1\țg%qI@\,\c&Ghj\͕\\C]M\ٓA*G]\\%wξ6FIU\>\?LL\ZNv>{\MmS\ac3Qق!;\Q\=OVV-$p\ @e6K\\ZH*a*{KA\"_\8b.W\\YsS-\rXm\\\w\nԊxrGt\~\e\ٮ\0u9- _Lc5vȺ\\*gWj#x\ǁ\\z3J\\*\\bf\\\0FS\N<%p	-\R0\r5\\0c\.8\\\ǅk6qd^8\Cq\oUSL!S\B}NŅ\X^s$\M3@\-ouܻYr8\?m:c\\\H\Z!;[1wdjv¢H\'\\LKLc\\m\0|L\\\|U\\ox\%,9tġ̻c&\\D,\(\\ra\69S=}/[	9Z\\\\N\W\rnXN\\,&n8t\"߰v\\{؁N5\\\Uc\q\:bFϮZe\\\^\;K+FU>J~\0Xu\4\OFѕűM</m-\Ք[Z$Ff⧈\Gd\Nbf>\8e9\]>g\\P$d(\02\aG5i\\slOgZ}\q\Z7\2@쳾\ \-\\M~Xl]6\N uY:s\\{RZ35C:ч#6KC0oHx.mN\0\0_\4+)^\Z	\\G<Di-\;\S^2Yz.I%:\v\j8y\\2\\n\n:b\0\.^G\\,Օ	nOk\1VQHbs$kX$u*v̹I_\ҚM#I Ή( t\\Ԋ9ّW2P×[m\^:cScNW/\,{!1҆j*fd\\¢\EdwmT:\^\0]0\BJcơT#^bM90z\3I`n\Qf?z*\\Zga\FVt0ף)́\n9z;XErJ%K%\v\0+7\\'Kwy\]\^a]\\\ӆ-I\f+,2Frg\| \m]*)\P}o~<~x\!|/Pàoџ~\e#?,[d\ IMTe׌R@srkq\S\-ѿs,,$AR\0\D\$\z1Ф\dK\$=\\^a\\a\B\nvFCdа9ez7\\eaa\ZruW&\\q\\0\\'l\ff6\\Xt.\\c1ڻ@n\D<\\\\`E\kW,ǁ叚?k!/-4c\<\u8ûoK\\5\k`n\kks\C\K\aXDnǘ\0\\\\QIAM43FH7ࣇFs\]X\J\q%ɵ>q\"f\2][\\\\b\U[\6\\0kІͥDtWR32t-{|ӗ\+;+\+E]\n\TFTE_N|o\\bhAĤzc\Wvn\n4|0O0\r\cE4T6u\\B<\"\\V\\Ѓ;nKM-\$~쭅œd8^/hpݳ\\H\0\ء9x&a|\u\KYjM\Z^\\D03\\ck߃\02Tl]&\\"\\x\Eb?L](T9b]>\\nwٷ_mE\\ZAtz=4SC*:-f8\0Zn,J7fL_M9\U2k임A&xx\.\\*]bVt\\4\'[e\/l営s%\sZz\\0dE{Q\nK:Il\\ɧ\I\Q\h\:yQV7\'\\Z\\)d\\'0\0F\nZ\:9Nbl4\Ǟ9(ڄ0g@\\\Oc\TI-8Jو\G\aPpC	\\\PZ\\"X!]\U!x5\Ǧ\"EFJ\%fn\㯯W\\\R\ٲ\ka\fWDwD\>N(ݖ\\,1\\[<\'k\\\~C~8	;VZ\ѳ\Ѕ\\K<P:\лď˥\\ǟ:łq\l\00+e\BN\y_Ԍ\nI\0\\ِ<\\\~\w.2\\s\+|[ݰ\'Bj\ZT5id\\\r}\r\̅\\\eԣV횗S(Ǡ\Xz_bt\|\\aI%zX`()[52vO/\󾘸\\p-;[f\\\v\i\l\3y&\\rO\\+\'W\Lͼ-u_\=\uE51HGlt\O\8`5UKL)\"\\\\Z\\ja˨*9fi\I,	<^f\MH\\\mDG\\\\r`tS!\0|cFD	l%Ď\\\\\q\ODF:v9\\\L\ \<q\\\n^Zc6RDjZ7?gR\\n,ɯЎrm҂\%wʀopt\\\Z9j\1֑Qʗך!\\0\\Z\\]\n\ST\0D\exe\0ֽcP\D\\[^ݔ\UѤGM\>^\IP\:twMn*\"\~\0L4\#\t+\\ӇK\\S.(\.j]\\)~*\\j5-@;l\?+\N,\rv!Acן\w\\\rM,o{n\Z}O\⣒^\q@\r \ԧj\)h {]&%\Z._\}E\\A\Z12XଝT\A\"@\0f\Zk\4\{\\l͙%|tp\\װnG\dM4FS\Յ\"R\\gk\\hy`\,ٛ;e\`8\^\aՍ\kCCL\"kIR\\.TeKjm%4\Z\Y-\׿\kJ\PV\|͝~\\9\Kge\Q/)\0XfN@*\=u\\JNFэr\t\sQb~D`wEdt\0|o\\ B\K\ad0K7Ča\n]!w͚ O\\ĘļXƪ9!\1\q%*\\h1猭w_\ݷ#\0ǲ$ۍ\k$o\5VQ?\\\]OK>tV]\Sq\t\ \&_}pyc\(a\']0\r \\;\́xn9S{}pF.rs.\\~\0*\\098ZllQ	&\8\\ֵ\xIⱿǗ,(2enM\\ip\\L\BlT4*9C\Z7<\?\\\v\\\utSqk^\\y\G\\0\N+<g$Ã) ܮZidP{q:\{\Il\}v\bs{~X)蕟+w\6\\>g+3Ø?\"LE$Ia\\:\w8 $L\\\̺}>8eܖ\~\\ջ\7͎\>pY@Bň)\sC?Hk\l\B \r=ˏL.\D!><\\U\\\.\\E\5\O\,,HH\\56\[<\#ɕ|-\_[\\0\{ǳ:?\k\',%\\n\\WGe\!\?ts\*5\R\(Af1מ88]\xI%^\Zu\\\n#)u\a\ncU.9V\s\\"\Cum\\)d5\\ma\\a7\Ud9o\\za\wc\0WL\tp sK<Ҙ\\\\nd?\\7Q%E@9\\\\\\\\C\N[9N]\}~}͖C6M\}\\=>nR/g\01\*&}\ȁ٘\f9nt:_\PXĕ5ӻt,b\]8\LJ5S{\Z\r\=c\ea\6\\r$\\H;\r6났,z&gM\Yx}1\G$;S\pq?\','ana.gonzalez@example.com');
/*!40000 ALTER TABLE `anuncios` ENABLE KEYS */;
UNLOCK TABLES;

--
-- Table structure for table `historialtransacciones`
--

DROP TABLE IF EXISTS `historialtransacciones`;
/*!40101 SET @saved_cs_client     = @@character_set_client */;
/*!50503 SET character_set_client = utf8mb4 */;
CREATE TABLE `historialtransacciones` (
  `TransaccionID` int NOT NULL AUTO_INCREMENT,
  `UserID` int NOT NULL,
  `Fecha` datetime DEFAULT CURRENT_TIMESTAMP,
  `MontoCR` decimal(10,2) NOT NULL,
  `Tipo` enum('adición','sustracción') NOT NULL,
  `ReservaID` int DEFAULT NULL,
  `UserIDCliente` int DEFAULT NULL,
  PRIMARY KEY (`TransaccionID`),
  KEY `UserID` (`UserID`),
  KEY `ReservaID` (`ReservaID`),
  KEY `UserIDCliente` (`UserIDCliente`),
  CONSTRAINT `historialtransacciones_ibfk_1` FOREIGN KEY (`UserID`) REFERENCES `usuarios` (`UserID`) ON DELETE CASCADE,
  CONSTRAINT `historialtransacciones_ibfk_2` FOREIGN KEY (`ReservaID`) REFERENCES `anuncios` (`AnuncioID`) ON DELETE SET NULL,
  CONSTRAINT `historialtransacciones_ibfk_3` FOREIGN KEY (`UserIDCliente`) REFERENCES `usuarios` (`UserID`) ON DELETE SET NULL
) ENGINE=InnoDB AUTO_INCREMENT=6 DEFAULT CHARSET=utf8mb4 COLLATE=utf8mb4_0900_ai_ci;
/*!40101 SET character_set_client = @saved_cs_client */;

--
-- Dumping data for table `historialtransacciones`
--

LOCK TABLES `historialtransacciones` WRITE;
/*!40000 ALTER TABLE `historialtransacciones` DISABLE KEYS */;
INSERT INTO `historialtransacciones` VALUES (1,2,'2024-03-20 10:00:00',20.00,'sustracción',NULL,NULL),(2,3,'2024-03-21 12:00:00',5.00,'adición',2,NULL),(3,1,'2024-03-22 01:00:00',50.00,'sustracción',NULL,NULL),(4,16,'2024-07-19 00:00:00',-170.00,'sustracción',12,2),(5,2,'2024-07-19 00:00:00',155.00,'adición',12,16);
/*!40000 ALTER TABLE `historialtransacciones` ENABLE KEYS */;
UNLOCK TABLES;

--
-- Table structure for table `tarjetabancaria`
--

DROP TABLE IF EXISTS `tarjetabancaria`;
/*!40101 SET @saved_cs_client     = @@character_set_client */;
/*!50503 SET character_set_client = utf8mb4 */;
CREATE TABLE `tarjetabancaria` (
  `id` int NOT NULL AUTO_INCREMENT,
  `numero_tarjeta` bigint NOT NULL,
  `fecha_caducidad` date NOT NULL,
  `titular_tarjeta` varchar(255) NOT NULL,
  `emisor_tarjeta` varchar(100) NOT NULL,
  `cvv` int NOT NULL,
  `img_tarjeta` varchar(225) DEFAULT NULL,
  `usuario_id` int NOT NULL,
  PRIMARY KEY (`id`),
  UNIQUE KEY `numero_tarjeta_unique` (`numero_tarjeta`),
  KEY `fk_usuario_tarjeta_new` (`usuario_id`),
  CONSTRAINT `fk_usuario_tarjeta_new_temp` FOREIGN KEY (`usuario_id`) REFERENCES `usuarios` (`UserID`) ON DELETE CASCADE ON UPDATE CASCADE
) ENGINE=InnoDB AUTO_INCREMENT=36 DEFAULT CHARSET=utf8mb4 COLLATE=utf8mb4_0900_ai_ci;
/*!40101 SET character_set_client = @saved_cs_client */;

--
-- Dumping data for table `tarjetabancaria`
--

LOCK TABLES `tarjetabancaria` WRITE;
/*!40000 ALTER TABLE `tarjetabancaria` DISABLE KEYS */;
INSERT INTO `tarjetabancaria` VALUES (24,4222222222222222,'2031-07-15','Ana González','Visa',123,'http://10.0.2.2:8080/api/resources/images/otros_logo.png',2),(27,1234567890123451,'2027-02-03','Vladyslav Golovatyi','MasterCard',345,'http://10.0.2.2:8080/api/resources/images/mc_logo.png',16),(28,4333333333333333,'2030-07-16','Luis Rodríguez','Visa',334,'http://10.0.2.2:8080/api/resources/images/visa_logo.png',3),(29,4333333333333331,'2031-07-26','Luis Rodríguez','AmericanExpress',333,'http://10.0.2.2:8080/api/resources/images/ae_logo.png',3),(30,1234567890113451,'2026-11-20','Juan García','Visa',333,'http://10.0.2.2:8080/api/resources/images/visa_logo.png',1),(31,1234567893113451,'2033-07-16','Juan García','MasterCard',111,'http://10.0.2.2:8080/api/resources/images/mc_logo.png',1),(32,1234567890123459,'2030-12-13','Vladyslav Golovatyi','Visa',111,'http://10.0.2.2:8080/api/resources/images/visa_logo.png',16),(33,1234567890123453,'2028-03-01','Vladyslav Golovatyi','AmericanExpress',321,'http://10.0.2.2:8080/api/resources/images/ae_logo.png',16),(34,1234567390123459,'2032-07-28','Vladyslav Golovatyi','Otros',523,'http://10.0.2.2:8080/api/resources/images/otros_logo.png',16),(35,1234167890123459,'2026-07-28','Vladyslav Golovatyi','Visa',546,'http://10.0.2.2:8080/api/resources/images/visa_logo.png',16);
/*!40000 ALTER TABLE `tarjetabancaria` ENABLE KEYS */;
UNLOCK TABLES;

--
-- Table structure for table `usuarios`
--

DROP TABLE IF EXISTS `usuarios`;
/*!40101 SET @saved_cs_client     = @@character_set_client */;
/*!50503 SET character_set_client = utf8mb4 */;
CREATE TABLE `usuarios` (
  `UserID` int NOT NULL AUTO_INCREMENT,
  `DNI` varchar(9) DEFAULT NULL,
  `Nombre` varchar(155) DEFAULT NULL,
  `Apellidos` varchar(255) DEFAULT NULL,
  `Email` varchar(255) NOT NULL,
  `Password` varchar(255) NOT NULL,
  `Direccion` varchar(255) DEFAULT NULL,
  `Provincia` varchar(255) DEFAULT NULL,
  `codigo_postal` varchar(10) DEFAULT NULL,
  `Telefono` varchar(20) DEFAULT NULL,
  `fecha_registro` datetime DEFAULT CURRENT_TIMESTAMP,
  `SaldoCR` decimal(10,2) DEFAULT '0.00',
  `codigo_restablecimiento` varchar(9) DEFAULT NULL,
  `codigo_expiry` datetime DEFAULT NULL,
  `es_administrador` tinyint NOT NULL DEFAULT '0',
  PRIMARY KEY (`UserID`),
  UNIQUE KEY `Email` (`Email`)
) ENGINE=InnoDB AUTO_INCREMENT=18 DEFAULT CHARSET=utf8mb4 COLLATE=utf8mb4_0900_ai_ci;
/*!40101 SET character_set_client = @saved_cs_client */;

--
-- Dumping data for table `usuarios`
--

LOCK TABLES `usuarios` WRITE;
/*!40000 ALTER TABLE `usuarios` DISABLE KEYS */;
INSERT INTO `usuarios` VALUES (1,'12345678A','Juan','Pérez','juan.perez@example.com','password1','Calle Falsa 123','Madrid','28080','600100200','2024-04-15 00:00:00',313.00,NULL,NULL,0),(2,'23456789B','Ana','González','ana.gonzalez@example.com','password2','Avenida de la Constitución 45','Barcelona','08080','610200300','2024-04-15 00:00:00',755.00,NULL,NULL,0),(3,'34567890C','Luis','Rodríguez','luis.rodriguez@example.com','password3','Plaza Mayor 9','Valencia','46001','620300400','2024-04-15 12:39:45',200.00,NULL,NULL,0),(4,'','','','prueba1@gmail.com','2ac9cb7dc02b3c0083eb70898e549b63','','','','','2024-05-19 00:00:00',0.00,NULL,NULL,0),(16,'12345678A','Vladyslav','Golovatyi Tsymbal','vladyslav.golovatyitsymbal@iesmiguelherrero.com','2ac9cb7dc02b3c0083eb70898e549b63','Mi Dirección, 00, 0A','Cantabria','39300','600000000','2024-05-20 00:00:00',1225.00,NULL,NULL,0),(17,'','','','raul@ejemplo.com','2ac9cb7dc02b3c0083eb70898e549b63','','','','','2024-06-08 00:00:00',0.00,'',NULL,0);
/*!40000 ALTER TABLE `usuarios` ENABLE KEYS */;
UNLOCK TABLES;

--
-- Table structure for table `valoraciones`
--

DROP TABLE IF EXISTS `valoraciones`;
/*!40101 SET @saved_cs_client     = @@character_set_client */;
/*!50503 SET character_set_client = utf8mb4 */;
CREATE TABLE `valoraciones` (
  `ValoracionID` int NOT NULL AUTO_INCREMENT,
  `UserID` int NOT NULL,
  `Valoracion` int NOT NULL,
  PRIMARY KEY (`ValoracionID`),
  KEY `UserID` (`UserID`),
  CONSTRAINT `valoraciones_ibfk_1` FOREIGN KEY (`UserID`) REFERENCES `usuarios` (`UserID`) ON DELETE CASCADE
) ENGINE=InnoDB AUTO_INCREMENT=3 DEFAULT CHARSET=utf8mb4 COLLATE=utf8mb4_0900_ai_ci;
/*!40101 SET character_set_client = @saved_cs_client */;

--
-- Dumping data for table `valoraciones`
--

LOCK TABLES `valoraciones` WRITE;
/*!40000 ALTER TABLE `valoraciones` DISABLE KEYS */;
INSERT INTO `valoraciones` VALUES (1,2,5);
/*!40000 ALTER TABLE `valoraciones` ENABLE KEYS */;
UNLOCK TABLES;
/*!40103 SET TIME_ZONE=@OLD_TIME_ZONE */;

/*!40101 SET SQL_MODE=@OLD_SQL_MODE */;
/*!40014 SET FOREIGN_KEY_CHECKS=@OLD_FOREIGN_KEY_CHECKS */;
/*!40014 SET UNIQUE_CHECKS=@OLD_UNIQUE_CHECKS */;
/*!40101 SET CHARACTER_SET_CLIENT=@OLD_CHARACTER_SET_CLIENT */;
/*!40101 SET CHARACTER_SET_RESULTS=@OLD_CHARACTER_SET_RESULTS */;
/*!40101 SET COLLATION_CONNECTION=@OLD_COLLATION_CONNECTION */;
/*!40111 SET SQL_NOTES=@OLD_SQL_NOTES */;

-- Dump completed on 2024-07-23 11:32:05
